{
  "project_info": {
    "project_number": "1001060643268",
    "firebase_url": "https://bachpandesign.firebaseio.com",
    "project_id": "bachpandesign",
    "storage_bucket": "bachpandesign.appspot.com"
  },
  "client": [
    {
      "client_info": {
        "mobilesdk_app_id": "1:1001060643268:android:8a36248ab86ed7c4",
        "android_client_info": {
          "package_name": "com.DroidAD.contract.BachpanConnect"
        }
      },
      "oauth_client": [
        {
          "client_id": "1001060643268-gne6qqhh9d977v8apiqia0lgbff5md43.apps.googleusercontent.com",
          "client_type": 1,
          "android_info": {
            "package_name": "com.DroidAD.contract.BachpanConnect",
            "certificate_hash": "910ab02f1a7c29f0826a2f6b0caa52708cf71b58"
          }
        },
        {
          "client_id": "1001060643268-m3t6fg1o0ef4jcngg0in001hib5rnemh.apps.googleusercontent.com",
          "client_type": 1,
          "android_info": {
            "package_name": "com.DroidAD.contract.BachpanConnect",
            "certificate_hash": "5df4ddeb57b85d64c6c9c2a78ec437650f0e94d1"
          }
        },
        {
          "client_id": "1001060643268-97mvgi1qo3no575lj2he752a1ihfd657.apps.googleusercontent.com",
          "client_type": 3
        }
      ],
      "api_key": [
        {
          "current_key": "AIzaSyAjiRlJEE13wcafKvN5ukDS-loJAjaosX8"
        }
      ],
      "services": {
        "analytics_service": {
          "status": 1
        },
        "appinvite_service": {
          "status": 2,
          "other_platform_oauth_client": [
            {
              "client_id": "1001060643268-97mvgi1qo3no575lj2he752a1ihfd657.apps.googleusercontent.com",
              "client_type": 3
            }
          ]
        },
        "ads_service": {
          "status": 2
        }
      }
    },
    {
      "client_info": {
        "mobilesdk_app_id": "1:1001060643268:android:f1fa14bdb296ff8b",
        "android_client_info": {
          "package_name": "com.droidad.hackathon.project_inventory"
        }
      },
      "oauth_client": [
        {
          "client_id": "1001060643268-hrtldggo458mnjrjl7etbb6102gca6iv.apps.googleusercontent.com",
          "client_type": 1,
          "android_info": {
            "package_name": "com.droidad.hackathon.project_inventory",
            "certificate_hash": "3ada6b7275bd317e1691dadbdbb7a5820c4097eb"
          }
        },
        {
          "client_id": "1001060643268-97mvgi1qo3no575lj2he752a1ihfd657.apps.googleusercontent.com",
          "client_type": 3
        }
      ],
      "api_key": [
        {
          "current_key": "AIzaSyAjiRlJEE13wcafKvN5ukDS-loJAjaosX8"
        }
      ],
      "services": {
        "analytics_service": {
          "status": 1
        },
        "appinvite_service": {
          "status": 2,
          "other_platform_oauth_client": [
            {
              "client_id": "1001060643268-97mvgi1qo3no575lj2he752a1ihfd657.apps.googleusercontent.com",
              "client_type": 3
            }
          ]
        },
        "ads_service": {
          "status": 2
        }
      }
    },
    {
      "client_info": {
        "mobilesdk_app_id": "1:1001060643268:android:1c742ceb430b1674",
        "android_client_info": {
          "package_name": "com.example.arpan.bachpan_layout"
        }
      },
      "oauth_client": [
        {
          "client_id": "1001060643268-vqmdold58djiqkc5vrecmrl3qft3327p.apps.googleusercontent.com",
          "client_type": 1,
          "android_info": {
            "package_name": "com.example.arpan.bachpan_layout",
            "certificate_hash": "017c80845ebb703b2157a7f88dcc012b45b15c3a"
          }
        },
        {
          "client_id": "1001060643268-itr0c72b4appai5h7svbtv7ibcdajji6.apps.googleusercontent.com",
          "client_type": 1,
          "android_info": {
            "package_name": "com.example.arpan.bachpan_layout",
            "certificate_hash": "2fa9876744c6072c3bfd275fb381d803487d1e1f"
          }
        },
        {
          "client_id": "1001060643268-7mufpkk5qa0mquomvmnfsqebb6nb57kj.apps.googleusercontent.com",
          "client_type": 1,
          "android_info": {
            "package_name": "com.example.arpan.bachpan_layout",
            "certificate_hash": "910ab02f1a7c29f0826a2f6b0caa52708cf71b58"
          }
        },
        {
          "client_id": "1001060643268-97mvgi1qo3no575lj2he752a1ihfd657.apps.googleusercontent.com",
          "client_type": 3
        }
      ],
      "api_key": [
        {
          "current_key": "AIzaSyAjiRlJEE13wcafKvN5ukDS-loJAjaosX8"
        }
      ],
      "services": {
        "analytics_service": {
          "status": 1
        },
        "appinvite_service": {
          "status": 2,
          "other_platform_oauth_client": [
            {
              "client_id": "1001060643268-97mvgi1qo3no575lj2he752a1ihfd657.apps.googleusercontent.com",
              "client_type": 3
            }
          ]
        },
        "ads_service": {
          "status": 2
        }
      }
    },
    {
      "client_info": {
        "mobilesdk_app_id": "1:1001060643268:android:64df23d995687c2a",
        "android_client_info": {
          "package_name": "com.example.arpan.bachpandesign"
        }
      },
      "oauth_client": [
        {
          "client_id": "1001060643268-0flejfnfjoee5cag6jddqg20m4abcvtf.apps.googleusercontent.com",
          "client_type": 1,
          "android_info": {
            "package_name": "com.example.arpan.bachpandesign",
            "certificate_hash": "017c80845ebb703b2157a7f88dcc012b45b15c3a"
          }
        },
        {
          "client_id": "1001060643268-97mvgi1qo3no575lj2he752a1ihfd657.apps.googleusercontent.com",
          "client_type": 3
        }
      ],
      "api_key": [
        {
          "current_key": "AIzaSyAjiRlJEE13wcafKvN5ukDS-loJAjaosX8"
        }
      ],
      "services": {
        "analytics_service": {
          "status": 1
        },
        "appinvite_service": {
          "status": 2,
          "other_platform_oauth_client": [
            {
              "client_id": "1001060643268-97mvgi1qo3no575lj2he752a1ihfd657.apps.googleusercontent.com",
              "client_type": 3
            }
          ]
        },
        "ads_service": {
          "status": 2
        }
      }
    },
    {
      "client_info": {
        "mobilesdk_app_id": "1:1001060643268:android:3cab7a3fb86f4c4f",
        "android_client_info": {
          "package_name": "com.example.arpan.phoneauth"
        }
      },
      "oauth_client": [
        {
          "client_id": "1001060643268-6t1a1shkgtlaqddchs9m0drrhae930i8.apps.googleusercontent.com",
          "client_type": 1,
          "android_info": {
            "package_name": "com.example.arpan.phoneauth",
            "certificate_hash": "017c80845ebb703b2157a7f88dcc012b45b15c3a"
          }
        },
        {
          "client_id": "1001060643268-97mvgi1qo3no575lj2he752a1ihfd657.apps.googleusercontent.com",
          "client_type": 3
        }
      ],
      "api_key": [
        {
          "current_key": "AIzaSyAjiRlJEE13wcafKvN5ukDS-loJAjaosX8"
        }
      ],
      "services": {
        "analytics_service": {
          "status": 1
        },
        "appinvite_service": {
          "status": 2,
          "other_platform_oauth_client": [
            {
              "client_id": "1001060643268-97mvgi1qo3no575lj2he752a1ihfd657.apps.googleusercontent.com",
              "client_type": 3
            }
          ]
        },
        "ads_service": {
          "status": 2
        }
      }
    }
  ],
  "configuration_version": "1"
}